Group,Athlete,Distance,Session Load,Workload,Sprint Distance,High Intensity Running,No. of High Intensity Events,Metres per Minute,No. of Sprints,Top Speed,Raw Top Speed,Accelerations,Decelerations,Minutes Played
10s,ORIG_A,9005,1764,8.1,61,235,24,93,5,30.4,32.3,84,89,97
10s,ORIG_J,9726,1763,9.2,83,528,41,100,6,30.4,34.0,72,60,97
10s,ORIG_K,7895,1330,7.8,84,400,42,81,6,28.2,31.6,67,69,97
10s,ORIG_S,1400,341,2.5,38,144,10,14,3,26.9,29.7,5,16,97
CBs,ORIG_C,317,93,0.5,0,31,1,3,0,24.1,26.3,2,3,97
CBs,ORIG_d,10199,1843,9.0,30,236,20,105,2,26.9,30.7,91,86,97
CBs,ORIG_L,9185,1240,8.7,54,408,33,95,5,30.9,33.7,80,74,97
CMs,ORIG_An,173,21,0.2,0,0,0,2,0,12.2,14.5,1,1,97
CMs,ORIG_G,10259,1858,8.8,76,282,26,106,4,29.9,34.8,50,90,97
STs,ORIG_Tr,10192,1733,8.7,105,410,46,105,11,27.7,30.0,82,75,97
WBs,ORIG_H,2357,430,3.1,85,149,17,24,4,29.1,31.7,18,26,97
WBs,ORIG_O,2481,528,3.3,62,191,21,26,6,26.8,30.1,23,26,97
,ORIG_I,8622,1235,8.9,80,139,17,89,5,29.8,32.2,49,45,97
,ORIG_L,7348,1260,6.5,39,215,21,76,4,29.8,31.3,42,51,97
,ORIG_T,9265,1486,9.6,135,412,38,96,8,29.5,34.9,68,78,97
,ORIG_Trs,433,252,0.5,0,30,2,4,0,22.8,25.4,5,0,97
CBs,ATL_CBs_001,10018,1991,9.7,42,305,17,104,0,29.0,30.6,69,59,95
CBs,ATL_CBs_002,7556,1368,7.4,15,165,16,102,3,26.6,27.9,62,48,73
CBs,ATL_CBs_003,3073,541,2.8,0,105,5,96,0,28.4,29.8,21,17,32
CBs,ATL_CBs_004,3900,811,4.5,35,91,12,81,1,28.7,30.7,45,35,49
CBs,ATL_CBs_005,7562,1464,7.8,51,253,18,99,3,29.4,30.7,48,67,77
CBs,ATL_CBs_006,5581,1035,4.7,36,149,14,88,2,28.3,31.4,57,43,62
CBs,ATL_CBs_007,8775,1510,7.6,22,180,21,92,2,28.8,31.2,62,83,91
CBs,ATL_CBs_008,2305,361,1.6,0,87,4,116,0,29.3,31.3,13,18,20
CBs,ATL_CBs_009,3126,648,2.8,9,130,9,81,1,27.7,31.0,28,30,37
CBs,ATL_CBs_010,5367,1041,5.0,0,173,10,101,0,28.6,31.3,45,41,54
CBs,ATL_CBs_011,1554,311,1.3,0,66,3,115,0,27.1,29.8,11,11,13
CBs,ATL_CBs_012,6728,1282,6.6,38,236,15,93,2,29.1,30.9,51,55,74
CBs,ATL_CBs_013,5630,1006,5.0,0,193,18,97,0,26.5,29.9,49,53,56
CBs,ATL_CBs_014,7827,1467,7.6,0,280,31,93,0,28.9,31.9,111,78,87
CBs,ATL_CBs_015,5869,978,4.9,3,75,15,100,2,29.7,31.2,62,47,63
CBs,ATL_CBs_016,7192,1497,7.6,25,165,19,87,2,28.9,31.0,75,58,83
CBs,ATL_CBs_017,8215,1530,8.1,28,155,14,112,0,29.3,31.6,56,43,70
CBs,ATL_CBs_018,5480,1168,5.5,36,123,16,85,2,28.5,29.8,44,50,61
CBs,ATL_CBs_019,7770,1504,7.3,16,170,27,97,3,29.4,30.9,73,73,80
CBs,ATL_CBs_020,8209,1689,8.5,50,274,28,92,3,27.9,30.8,83,61,89
CBs,ATL_CBs_021,9234,1797,9.3,38,389,25,99,1,26.5,29.2,83,76,93
CBs,ATL_CBs_022,6207,1118,5.5,14,174,20,95,1,27.5,28.9,53,56,64
CBs,ATL_CBs_023,8286,1490,7.5,12,201,22,103,0,27.0,29.9,69,60,80
CBs,ATL_CBs_024,3400,601,2.8,30,140,9,98,1,29.4,30.7,28,25,35
CBs,ATL_CBs_025,6647,1259,6.6,62,142,26,92,3,28.9,32.2,65,67,73
CBs,ATL_CBs_026,5704,1074,5.5,31,76,12,91,0,28.2,31.2,52,45,65
CBs,ATL_CBs_027,7332,1389,7.1,29,256,17,88,0,28.3,30.8,78,64,84
CBs,ATL_CBs_028,7460,1260,6.3,0,179,19,106,0,30.3,32.4,54,57,67
CBs,ATL_CBs_029,7648,1415,6.9,50,172,22,75,2,26.7,30.0,101,67,96
CBs,ATL_CBs_030,791,111,0.4,0,39,2,84,0,27.2,30.4,7,7,9
CBs,ATL_CBs_031,6773,1246,6.0,28,287,16,92,1,29.8,31.2,76,33,77
CBs,ATL_CBs_032,5000,1027,5.7,30,128,11,96,0,30.3,32.5,46,36,53
CBs,ATL_CBs_033,8308,1584,8.1,20,189,23,84,3,27.0,29.1,81,70,96
CBs,ATL_CBs_034,6773,1262,5.9,22,127,19,86,3,25.9,27.4,64,44,80
CBs,ATL_CBs_035,5401,1024,5.1,21,117,11,91,2,30.2,32.5,35,37,61
CBs,ATL_CBs_036,8769,1504,7.2,20,265,31,95,4,28.6,30.6,96,64,91
CBs,ATL_CBs_037,7226,1302,6.7,29,65,19,102,0,29.3,30.8,58,57,71
CBs,ATL_CBs_038,10199,1986,9.7,40,234,20,112,1,28.9,30.9,75,80,89
CBs,ATL_CBs_039,8701,1671,8.4,0,337,26,102,0,28.1,29.7,68,88,83
CBs,ATL_CBs_040,9513,1849,9.1,81,365,27,102,3,26.8,30.3,74,99,94
CBs,ATL_CBs_041,4982,824,4.1,12,90,12,85,1,30.5,32.2,39,43,60
CBs,ATL_CBs_042,8466,1607,8.5,74,222,18,98,0,28.5,30.2,65,87,83
CBs,ATL_CBs_043,7731,1438,7.4,10,132,16,100,2,30.7,32.0,65,49,76
CBs,ATL_CBs_044,771,194,0.9,6,17,2,78,0,29.2,32.3,8,9,10
CBs,ATL_CBs_045,646,10,0.1,0,17,1,74,0,26.2,28.8,8,5,9
CBs,ATL_CBs_046,6239,1183,6.0,26,153,14,99,1,28.6,31.3,38,43,65
CBs,ATL_CBs_047,1676,389,1.8,8,63,3,89,0,29.6,32.2,12,15,19
CBs,ATL_CBs_048,4407,742,3.9,0,59,15,95,0,26.8,29.3,42,44,45
CBs,ATL_CBs_049,1775,381,2.1,15,39,3,101,0,30.7,33.5,11,13,19
CBs,ATL_CBs_050,5274,1050,5.3,14,200,17,85,2,29.0,31.8,59,43,63
CBs,ATL_CBs_051,3378,754,3.7,18,116,8,93,0,27.5,28.8,22,28,36
CBs,ATL_CBs_052,8508,1597,8.4,44,265,32,91,3,27.5,29.8,87,76,89
CBs,ATL_CBs_053,8073,1443,7.2,6,177,24,88,2,28.5,30.6,58,71,87
CBs,ATL_CBs_054,6796,1399,6.8,47,131,17,104,1,27.3,30.3,48,44,66
CBs,ATL_CBs_055,6129,1196,5.6,15,258,16,94,0,27.7,30.9,56,56,65
CBs,ATL_CBs_056,6985,1431,7.5,37,361,23,90,3,27.5,30.3,72,42,78
CBs,ATL_CBs_057,9639,1887,9.5,66,292,23,107,3,28.4,30.4,66,73,92
CBs,ATL_CBs_058,6842,1397,6.7,22,230,15,105,2,28.1,30.8,57,52,69
CBs,ATL_CBs_059,3645,774,3.9,28,86,7,96,1,30.8,32.6,24,26,37
CBs,ATL_CBs_060,6587,1132,6.1,43,85,13,93,1,28.1,31.4,58,45,70
CBs,ATL_CBs_061,7770,1446,7.2,40,294,17,102,2,29.2,32.2,52,56,77
CBs,ATL_CBs_062,3317,530,2.6,0,36,7,87,0,26.0,28.8,33,29,37
CBs,ATL_CBs_063,9068,1677,8.9,50,263,20,98,2,25.3,26.7,73,70,96
CBs,ATL_CBs_064,7126,1526,7.4,19,226,21,109,3,29.5,31.5,59,50,67
CBs,ATL_CBs_065,7866,1539,7.6,43,191,21,89,0,31.2,33.7,59,72,87
CBs,ATL_CBs_066,7053,1467,7.7,0,267,17,86,0,30.6,32.9,64,46,86
CBs,ATL_CBs_067,6514,1278,6.0,14,244,11,100,0,27.7,29.9,33,49,64
CBs,ATL_CBs_068,6805,1269,7.0,13,214,13,107,2,26.0,28.6,48,40,64
CBs,ATL_CBs_069,9428,1821,9.4,27,250,20,105,2,28.3,29.6,70,54,89
CBs,ATL_CBs_070,8299,1593,8.1,38,230,24,104,0,27.3,30.5,82,63,79
CBs,ATL_CBs_071,8292,1686,8.4,54,175,25,104,3,26.6,28.0,76,58,82
CBs,ATL_CBs_072,8927,1610,7.4,36,217,18,108,0,28.0,29.9,67,49,84
CBs,ATL_CBs_073,8264,1413,7.5,68,126,17,111,4,31.4,32.7,48,40,73
CBs,ATL_CBs_074,8885,1740,8.2,32,171,22,104,1,25.8,27.7,68,74,86
CBs,ATL_CBs_075,6171,1151,5.8,12,98,19,89,1,28.6,31.1,68,51,70
CBs,ATL_CBs_076,9187,1638,8.8,20,138,22,97,1,27.2,30.3,84,88,92
CBs,ATL_CBs_077,6823,1295,6.2,22,188,14,102,2,31.3,33.0,64,35,66
CBs,ATL_CBs_078,9610,1809,8.6,22,168,20,116,2,27.3,28.7,56,55,86
CBs,ATL_CBs_079,6833,1319,6.4,22,240,19,85,1,28.1,30.6,57,68,84
CBs,ATL_CBs_080,9313,1765,8.4,55,416,25,103,3,28.5,30.0,68,71,89
CMs,ATL_CMs_001,5151,1114,5.7,3,308,14,88,1,30.8,34.3,32,43,56
CMs,ATL_CMs_002,7789,1492,7.1,42,228,22,107,2,31.1,32.6,50,75,71
CMs,ATL_CMs_003,6564,1172,5.8,45,238,16,101,3,26.5,28.7,44,38,65
CMs,ATL_CMs_004,7171,1147,6.0,21,170,13,120,3,29.7,32.8,37,28,59
CMs,ATL_CMs_005,4965,867,4.3,9,195,11,90,2,25.6,26.8,40,31,53
CMs,ATL_CMs_006,4180,728,4.0,12,79,8,118,0,29.2,31.3,31,20,35
CMs,ATL_CMs_007,8528,1778,8.8,37,290,17,118,3,31.8,33.2,35,53,76
CMs,ATL_CMs_008,275,29,0.1,0,21,0,52,0,31.3,33.1,3,3,5
CMs,ATL_CMs_009,10240,1961,9.5,71,333,18,114,4,30.3,33.4,45,66,88
CMs,ATL_CMs_010,7251,1482,7.8,59,315,23,87,3,29.2,32.1,55,71,82
CMs,ATL_CMs_011,3641,756,4.2,34,115,8,105,2,32.1,34.7,12,24,34
CMs,ATL_CMs_012,3362,595,3.2,17,150,6,109,2,27.7,29.7,21,22,30
CMs,ATL_CMs_013,7138,1326,6.5,48,210,16,99,4,30.9,33.0,64,43,73
CMs,ATL_CMs_014,8427,1642,8.7,77,268,15,135,1,30.7,33.0,34,53,62
CMs,ATL_CMs_015,6163,1175,6.4,46,225,16,94,4,32.3,35.0,38,48,65
CMs,ATL_CMs_016,2945,545,3.3,14,34,3,117,0,30.3,32.6,13,12,24
CMs,ATL_CMs_017,8833,1657,8.7,61,370,21,99,2,29.2,31.0,59,57,86
CMs,ATL_CMs_018,2760,577,2.9,21,111,6,91,1,27.2,30.1,17,16,31
CMs,ATL_CMs_019,7066,1305,6.7,54,242,19,98,2,30.5,31.9,49,69,72
CMs,ATL_CMs_020,8794,1703,8.4,37,254,16,123,1,28.5,30.1,39,65,75
CMs,ATL_CMs_021,9302,1886,10.0,48,572,22,103,0,28.4,31.5,76,56,92
CMs,ATL_CMs_022,8689,1814,8.7,44,212,15,119,4,29.0,30.6,42,55,74
CMs,ATL_CMs_023,5976,1162,5.9,27,186,16,112,4,31.0,32.6,34,35,53
CMs,ATL_CMs_024,5438,1126,5.8,25,227,10,108,3,26.3,28.6,28,32,52
CMs,ATL_CMs_025,1679,278,1.3,18,102,3,98,0,28.9,31.2,11,12,18
CMs,ATL_CMs_026,5789,1148,5.9,30,211,12,109,0,28.0,29.3,28,44,52
CMs,ATL_CMs_027,9277,1702,8.6,87,214,16,112,3,29.3,31.8,56,58,84
CMs,ATL_CMs_028,10020,1892,9.4,73,233,22,109,2,28.7,31.9,68,68,91
CMs,ATL_CMs_029,3115,613,2.8,16,141,6,100,0,29.2,32.2,19,19,30
CMs,ATL_CMs_030,6213,1283,6.8,41,51,11,114,2,28.5,31.5,20,45,55
CMs,ATL_CMs_031,8852,1680,8.2,47,260,22,103,3,30.3,33.2,82,60,85
CMs,ATL_CMs_032,1856,336,1.9,9,36,4,92,1,29.0,32.0,10,15,20
CMs,ATL_CMs_033,3802,856,4.1,36,105,9,103,2,27.2,29.4,28,25,38
CMs,ATL_CMs_034,7054,1211,6.5,23,59,14,116,2,29.2,32.1,30,48,62
CMs,ATL_CMs_035,6873,1271,6.4,33,189,11,117,5,29.7,30.9,23,36,60
CMs,ATL_CMs_036,8594,1619,8.3,48,197,23,101,4,31.0,33.2,46,66,86
CMs,ATL_CMs_037,9332,1758,8.6,60,205,17,118,3,29.2,32.4,40,51,81
CMs,ATL_CMs_038,7667,1420,7.1,12,230,19,112,2,28.3,30.6,49,49,71
CMs,ATL_CMs_039,3044,423,2.6,18,98,3,118,1,30.1,33.6,10,12,26
CMs,ATL_CMs_040,11152,1897,9.4,27,264,21,122,1,26.5,29.0,67,60,90
CMs,ATL_CMs_041,11195,2168,11.0,60,337,28,117,3,27.2,28.9,62,87,92
CMs,ATL_CMs_042,6821,1377,7.0,55,126,12,104,0,28.1,31.1,35,47,65
CMs,ATL_CMs_043,8532,1639,8.2,42,225,26,115,6,31.2,34.3,46,63,75
CMs,ATL_CMs_044,8756,1720,8.8,16,242,19,103,4,30.9,32.8,61,66,86
CMs,ATL_CMs_045,9936,1912,9.6,28,206,18,112,3,29.3,31.3,57,59,88
CMs,ATL_CMs_046,8247,1706,8.1,24,337,17,93,3,29.1,30.8,30,61,86
CMs,ATL_CMs_047,4234,839,4.2,48,161,13,85,0,28.0,31.1,35,47,53
CMs,ATL_CMs_048,5706,996,4.7,31,204,13,89,4,29.0,32.1,42,36,64
CMs,ATL_CMs_049,7824,1430,7.2,40,225,18,112,3,28.6,30.9,61,36,71
CMs,ATL_CMs_050,6993,1300,6.9,29,213,6,114,0,27.3,29.0,19,31,63
CMs,ATL_CMs_051,10054,1778,8.6,55,169,26,113,5,30.7,32.2,74,74,91
CMs,ATL_CMs_052,7810,1498,7.4,32,261,14,111,0,29.2,31.5,34,56,70
CMs,ATL_CMs_053,7827,1540,7.7,62,267,15,101,0,30.4,31.9,61,46,79
CMs,ATL_CMs_054,6495,1217,6.2,42,86,13,108,2,29.3,32.2,24,36,60
CMs,ATL_CMs_055,5799,1193,5.9,40,207,12,92,1,29.9,33.0,28,57,62
CMs,ATL_CMs_056,10198,1731,9.1,49,160,21,111,2,32.5,33.9,58,75,92
CMs,ATL_CMs_057,1262,207,1.2,0,91,3,88,0,27.5,28.9,9,9,14
CMs,ATL_CMs_058,7341,1288,6.6,38,159,14,112,2,31.7,34.0,44,51,65
CMs,ATL_CMs_059,9413,1817,8.5,66,262,19,102,4,28.5,30.6,40,42,91
CMs,ATL_CMs_060,7648,1578,7.9,23,202,18,113,5,28.9,32.3,50,33,69
CMs,ATL_CMs_061,7883,1566,8.0,58,207,16,107,3,30.0,32.0,42,55,73
CMs,ATL_CMs_062,9568,1709,8.2,11,230,14,116,0,30.0,31.2,48,68,85
CMs,ATL_CMs_063,6581,1113,5.6,27,177,14,111,4,28.0,31.1,34,32,60
CMs,ATL_CMs_064,6665,1336,6.9,36,255,14,105,2,28.9,31.3,44,24,66
CMs,ATL_CMs_065,8519,1626,7.8,58,190,22,112,4,27.8,29.8,60,64,77
CMs,ATL_CMs_066,8956,1765,8.7,12,361,27,102,3,30.3,31.6,56,83,87
CMs,ATL_CMs_067,7432,1358,6.3,42,292,14,102,1,27.5,30.0,48,45,74
CMs,ATL_CMs_068,8590,1592,8.0,30,214,16,110,3,29.7,32.4,52,39,74
CMs,ATL_CMs_069,7718,1402,6.7,24,181,10,110,1,31.1,33.3,33,32,70
CMs,ATL_CMs_070,9156,1720,8.3,38,477,29,96,5,27.6,28.8,72,82,95
CMs,ATL_CMs_071,10402,2043,10.4,29,389,19,114,3,29.4,31.9,54,42,92
CMs,ATL_CMs_072,6153,1085,5.6,36,210,12,97,2,28.8,31.7,25,44,63
CMs,ATL_CMs_073,6879,1328,6.7,17,151,21,106,3,28.4,31.3,54,53,63
CMs,ATL_CMs_074,9530,1804,9.5,30,309,25,118,2,31.1,32.9,80,67,82
CMs,ATL_CMs_075,7353,1412,6.9,21,267,13,112,3,29.4,31.3,37,48,69
CMs,ATL_CMs_076,8266,1490,7.1,55,276,13,118,0,29.0,30.9,38,49,69
CMs,ATL_CMs_077,9944,1915,9.7,58,96,21,111,4,28.2,30.7,38,62,89
CMs,ATL_CMs_078,9348,1757,8.7,50,224,20,111,4,31.0,33.4,63,54,82
CMs,ATL_CMs_079,7630,1439,6.9,77,156,20,96,5,30.1,32.9,52,42,82
CMs,ATL_CMs_080,6733,1416,7.4,25,250,11,103,1,29.6,31.8,27,44,64
10s,ATL_10s_001,5703,1219,6.5,45,295,11,104,2,29.0,31.2,43,35,55
10s,ATL_10s_002,5892,1121,4.9,39,301,11,86,1,27.0,28.7,51,32,63
10s,ATL_10s_003,8017,1629,8.3,65,346,25,97,5,30.1,33.1,76,61,82
10s,ATL_10s_004,7419,1619,8.0,73,342,25,84,6,32.7,35.9,76,80,86
10s,ATL_10s_005,5216,946,4.8,26,274,17,81,4,32.4,35.5,56,48,63
10s,ATL_10s_006,6699,1339,6.2,44,278,18,98,5,30.9,33.8,54,37,66
10s,ATL_10s_007,3769,770,3.5,37,162,12,98,2,27.5,28.9,34,22,38
10s,ATL_10s_008,2199,451,2.3,12,126,6,99,1,30.6,33.1,20,18,23
10s,ATL_10s_009,6706,1354,7.4,33,125,18,93,5,31.4,34.0,53,44,73
10s,ATL_10s_010,7631,1555,7.9,97,334,25,91,6,33.2,36.3,55,62,82
10s,ATL_10s_011,5536,1128,5.3,40,304,22,72,5,32.5,34.5,48,51,77
10s,ATL_10s_012,9353,1821,8.9,81,381,19,99,3,29.9,33.0,73,61,92
10s,ATL_10s_013,1089,154,0.5,8,50,2,71,0,30.8,32.6,9,12,15
10s,ATL_10s_014,4877,977,4.6,29,192,11,83,1,30.9,33.9,28,41,57
10s,ATL_10s_015,6893,1406,6.9,45,263,22,94,3,29.5,32.0,67,58,75
10s,ATL_10s_016,2954,736,4.2,29,128,5,106,1,27.3,29.5,17,18,29
10s,ATL_10s_017,7686,1447,6.9,40,199,25,98,4,28.7,30.4,65,51,82
10s,ATL_10s_018,8372,1681,8.8,90,288,22,94,5,28.2,29.9,73,56,88
10s,ATL_10s_019,4553,791,3.8,25,190,17,74,3,29.7,32.0,58,40,61
10s,ATL_10s_020,6662,1284,6.5,58,341,12,101,2,26.7,29.8,60,29,62
10s,ATL_10s_021,5793,1137,5.7,63,254,13,86,2,31.2,34.0,55,46,66
10s,ATL_10s_022,6757,1381,7.3,50,234,17,105,4,32.5,34.4,55,47,64
10s,ATL_10s_023,6043,1222,6.1,52,232,16,83,3,29.7,31.0,40,49,68
10s,ATL_10s_024,7021,1510,7.5,59,397,17,86,3,31.8,33.6,51,53,86
10s,ATL_10s_025,3288,741,3.2,18,254,15,74,3,30.2,32.2,35,35,41
10s,ATL_10s_026,3951,655,3.0,41,254,11,86,2,30.1,32.5,32,21,46
10s,ATL_10s_027,1016,155,0.3,6,36,0,135,0,29.2,32.3,3,4,7
10s,ATL_10s_028,4721,942,4.4,50,106,15,72,2,30.3,32.7,51,43,64
10s,ATL_10s_029,7197,1446,6.8,59,290,19,89,4,30.4,32.4,35,65,78
10s,ATL_10s_030,2296,313,1.7,15,46,5,101,1,30.5,31.8,15,11,22
10s,ATL_10s_031,8368,1788,8.3,97,443,25,94,4,32.9,35.8,59,61,85
10s,ATL_10s_032,5517,1032,5.3,20,134,19,88,1,29.8,32.7,51,56,65
10s,ATL_10s_033,7427,1408,7.0,44,292,21,110,5,27.0,29.2,46,42,66
10s,ATL_10s_034,650,126,0.5,0,13,1,134,0,29.8,31.1,4,3,5
10s,ATL_10s_035,4131,833,4.3,47,202,10,88,1,28.4,30.2,31,34,44
10s,ATL_10s_036,6311,1126,5.8,56,38,14,95,1,28.3,30.7,33,46,64
10s,ATL_10s_037,1174,278,0.9,13,40,3,64,0,31.0,33.7,14,11,18
10s,ATL_10s_038,8245,1557,8.0,41,285,28,94,6,28.1,29.5,76,68,89
10s,ATL_10s_039,6216,1173,6.1,22,340,22,78,5,30.7,33.8,76,59,81
10s,ATL_10s_040,8533,1649,7.9,89,155,24,107,2,28.8,31.6,69,64,83
10s,ATL_10s_041,5145,971,4.9,37,69,10,94,3,33.1,35.6,37,32,56
10s,ATL_10s_042,7499,1499,7.5,59,301,18,101,4,30.4,33.2,37,53,76
10s,ATL_10s_043,4649,944,5.0,56,188,10,88,1,31.9,34.6,26,43,55
10s,ATL_10s_044,322,43,0.2,6,30,1,68,0,28.6,31.1,3,4,5
10s,ATL_10s_045,5831,1150,6.1,38,187,12,102,1,28.5,31.3,37,37,59
10s,ATL_10s_046,9829,1961,9.5,46,513,28,108,3,29.4,30.9,72,94,91
10s,ATL_10s_047,6784,1438,6.8,30,310,18,105,2,27.5,30.8,50,55,64
10s,ATL_10s_048,7437,1388,6.9,49,244,25,94,2,29.5,31.6,74,56,78
10s,ATL_10s_049,7317,1327,6.1,12,161,25,92,7,33.1,35.8,58,57,76
10s,ATL_10s_050,2162,316,1.3,39,114,5,87,0,31.8,34.2,16,16,24
10s,ATL_10s_051,1068,183,1.1,31,49,2,90,0,30.9,32.7,9,6,12
10s,ATL_10s_052,7061,1415,7.2,82,232,13,92,1,31.3,33.4,57,48,75
10s,ATL_10s_053,6973,1554,7.8,72,362,16,102,5,29.8,32.2,38,52,69
10s,ATL_10s_054,6938,1432,7.0,48,243,14,87,0,29.2,30.5,43,55,76
10s,ATL_10s_055,3670,703,3.8,30,61,6,122,0,30.2,33.6,20,24,30
10s,ATL_10s_056,612,40,0.1,0,15,0,126,0,28.4,29.8,3,3,5
10s,ATL_10s_057,5745,1183,6.0,76,212,14,98,2,29.4,31.4,47,37,59
10s,ATL_10s_058,4393,788,4.4,35,192,10,97,3,28.7,30.9,35,17,44
10s,ATL_10s_059,842,196,1.0,0,61,3,69,0,33.0,34.6,13,6,12
10s,ATL_10s_060,7464,1350,6.7,84,374,20,92,1,28.2,30.0,57,72,78
10s,ATL_10s_061,5650,1080,5.3,26,120,15,100,3,31.9,34.3,41,39,56
10s,ATL_10s_062,9635,1836,8.8,46,245,21,104,5,33.4,35.6,85,55,93
10s,ATL_10s_063,6897,1366,7.4,76,169,15,107,3,31.8,35.1,54,42,66
10s,ATL_10s_064,8001,1475,7.3,34,324,31,96,6,29.7,32.7,68,68,86
10s,ATL_10s_065,7109,1389,7.1,79,215,18,77,4,31.2,33.3,53,51,85
10s,ATL_10s_066,6000,1180,6.1,37,166,17,98,4,28.7,31.8,36,39,62
10s,ATL_10s_067,3822,823,4.1,11,226,11,98,2,28.8,31.8,28,28,39
10s,ATL_10s_068,6074,1191,6.3,35,220,14,103,4,30.1,32.4,43,38,60
10s,ATL_10s_069,4834,875,4.7,33,212,12,121,1,31.7,33.7,32,31,41
10s,ATL_10s_070,6964,1619,8.8,51,270,14,108,4,27.7,29.7,36,21,65
10s,ATL_10s_071,5014,929,4.0,47,88,13,95,0,30.9,34.0,32,50,54
10s,ATL_10s_072,9385,1727,8.6,60,292,30,97,4,28.9,30.4,77,68,96
10s,ATL_10s_073,7113,1496,7.6,66,210,22,101,3,26.8,29.6,61,47,69
10s,ATL_10s_074,6203,1079,5.5,44,274,12,95,2,31.6,32.8,43,35,65
10s,ATL_10s_075,5348,999,5.2,38,184,18,75,4,29.1,30.6,43,51,70
10s,ATL_10s_076,4289,823,3.5,34,105,8,90,1,27.8,30.3,24,35,47
10s,ATL_10s_077,7491,1377,6.9,55,152,20,84,5,29.8,31.4,70,57,86
10s,ATL_10s_078,6419,1183,5.8,73,231,17,94,2,31.7,33.7,38,50,69
10s,ATL_10s_079,1380,366,1.4,23,48,2,91,0,27.7,30.7,11,12,16
10s,ATL_10s_080,5711,1014,4.6,41,178,18,96,5,30.5,33.7,55,52,58
STs,ATL_STs_001,7627,1469,7.6,69,274,19,105,7,27.9,31.3,51,27,69
STs,ATL_STs_002,7691,1652,7.8,112,355,29,108,11,28.5,30.6,58,49,73
STs,ATL_STs_003,3735,802,3.9,20,176,12,91,2,30.5,32.8,34,36,42
STs,ATL_STs_004,779,132,0.4,5,60,1,131,0,31.1,34.5,5,3,6
STs,ATL_STs_005,7161,1497,7.5,109,376,23,88,4,27.2,28.8,69,78,80
STs,ATL_STs_006,8845,1773,8.9,101,344,23,102,9,30.1,32.6,52,55,91
STs,ATL_STs_007,10122,2087,11.0,76,623,22,110,7,27.5,29.5,59,71,93
STs,ATL_STs_008,5798,881,4.2,26,137,22,90,6,32.5,34.8,57,69,66
STs,ATL_STs_009,1091,165,0.3,0,43,1,109,0,28.5,31.6,7,5,10
STs,ATL_STs_010,6233,1251,6.0,96,279,14,104,3,27.4,30.3,26,37,59
STs,ATL_STs_011,6942,1517,8.0,77,576,21,89,7,30.2,32.8,68,54,80
STs,ATL_STs_012,9722,1747,8.7,69,288,29,107,6,29.8,32.6,78,58,91
STs,ATL_STs_013,5067,1016,5.3,57,235,14,89,5,26.1,27.3,45,38,56
STs,ATL_STs_014,8837,1887,9.7,90,478,23,103,6,30.6,33.5,66,65,89
STs,ATL_STs_015,7152,1388,6.8,86,278,21,101,6,26.7,28.9,49,59,70
STs,ATL_STs_016,5400,1064,5.4,55,231,18,95,5,28.2,30.6,59,40,57
STs,ATL_STs_017,10257,2045,10.4,92,158,25,111,2,29.3,32.1,67,69,93
STs,ATL_STs_018,5508,1043,4.9,39,237,17,98,7,29.0,30.9,45,41,57
STs,ATL_STs_019,7026,1525,7.7,66,245,14,107,3,28.4,29.7,56,42,69
STs,ATL_STs_020,7490,1434,7.0,92,106,22,95,3,29.9,31.7,52,51,77
STs,ATL_STs_021,696,15,0.2,6,61,2,55,0,26.2,29.5,9,9,12
STs,ATL_STs_022,6068,1128,5.3,47,458,20,87,5,30.0,32.6,59,65,72
STs,ATL_STs_023,9947,2013,10.1,108,439,27,108,8,26.7,28.5,37,71,87
STs,ATL_STs_024,7014,1333,6.9,72,417,20,93,5,30.9,34.3,62,41,79
STs,ATL_STs_025,5584,1088,5.8,23,228,12,93,5,27.8,31.2,36,27,57
STs,ATL_STs_026,6291,1175,5.9,91,272,16,109,3,26.8,28.3,46,39,58
STs,ATL_STs_027,6038,1172,5.7,70,161,24,89,9,30.8,32.2,43,41,65
STs,ATL_STs_028,7535,1552,7.4,68,358,20,109,2,28.1,31.2,65,47,68
STs,ATL_STs_029,9674,1898,8.9,93,391,24,99,2,29.8,32.3,80,96,93
STs,ATL_STs_030,7589,1476,7.4,78,379,27,104,9,30.1,33.2,52,72,74
STs,ATL_STs_031,4813,1062,5.1,70,242,17,79,6,33.2,34.6,54,46,58
STs,ATL_STs_032,6935,1476,7.7,91,320,17,99,6,31.0,33.0,45,56,71
STs,ATL_STs_033,10241,1993,10.0,107,491,32,105,8,28.8,31.9,73,93,95
STs,ATL_STs_034,8144,1510,6.9,103,451,23,99,7,27.9,29.4,51,54,77
STs,ATL_STs_035,3783,582,3.1,33,156,11,103,4,29.9,31.3,30,34,38
STs,ATL_STs_036,1838,414,2.4,22,17,4,132,1,26.7,28.0,12,11,14
STs,ATL_STs_037,7598,1423,6.8,81,415,23,110,8,30.5,33.3,62,55,69
STs,ATL_STs_038,6421,1222,6.4,67,324,18,98,4,30.2,31.9,43,50,62
STs,ATL_STs_039,6363,1322,6.4,81,353,22,83,7,30.0,31.6,58,58,72
STs,ATL_STs_040,1072,99,0.7,13,38,4,86,1,28.6,31.3,11,11,12
STs,ATL_STs_041,2958,421,2.2,26,103,6,111,1,29.0,32.3,27,15,27
STs,ATL_STs_042,6149,1149,6.3,90,278,15,107,4,29.4,32.0,44,44,57
STs,ATL_STs_043,6280,1175,5.5,50,244,23,108,5,29.0,30.8,45,52,59
STs,ATL_STs_044,6254,1176,5.9,51,249,17,118,5,29.2,32.0,53,35,54
STs,ATL_STs_045,7805,1537,7.7,113,433,26,100,5,31.2,33.8,51,75,77
STs,ATL_STs_046,4567,945,5.1,52,229,15,86,4,29.5,32.4,42,49,52
STs,ATL_STs_047,7201,1434,7.4,58,318,19,107,5,24.3,26.0,40,58,64
STs,ATL_STs_048,7589,1418,6.8,43,189,29,108,8,29.1,32.5,66,74,73
STs,ATL_STs_049,4075,809,4.2,37,137,11,111,2,32.5,34.9,23,31,36
STs,ATL_STs_050,7894,1462,7.2,112,336,20,96,5,32.1,34.9,62,56,85
STs,ATL_STs_051,4861,914,4.7,55,208,18,104,6,31.8,33.1,29,41,48
STs,ATL_STs_052,8876,1820,9.1,78,420,25,101,4,29.6,30.9,71,66,87
STs,ATL_STs_053,8952,1716,8.3,6,372,29,100,8,29.5,31.8,78,56,89
STs,ATL_STs_054,6691,1335,6.6,70,383,20,104,4,29.7,32.2,44,47,65
STs,ATL_STs_055,5823,1089,5.8,80,279,17,92,5,30.7,33.5,51,52,60
STs,ATL_STs_056,3381,882,4.3,15,153,7,112,3,27.5,30.6,11,21,30
STs,ATL_STs_057,7149,1593,8.1,78,402,32,80,14,27.2,29.1,71,64,88
STs,ATL_STs_058,6479,1410,6.8,57,368,21,94,6,30.9,32.6,36,46,65
STs,ATL_STs_059,9222,1846,9.4,94,427,27,96,7,30.9,32.7,89,84,93
STs,ATL_STs_060,7060,1341,6.8,91,235,22,103,9,30.7,33.4,53,49,67
WBs,ATL_WBs_001,9141,1796,9.0,132,472,16,120,2,30.3,31.9,50,48,78
WBs,ATL_WBs_002,1360,220,1.4,32,47,2,111,0,29.5,32.1,7,8,12
WBs,ATL_WBs_003,1855,220,0.8,18,41,2,135,0,33.1,36.4,8,9,13
WBs,ATL_WBs_004,8143,1528,8.0,50,264,21,114,4,31.5,33.1,65,44,72
WBs,ATL_WBs_005,9177,1954,9.4,87,629,22,101,8,31.0,33.9,58,71,93
WBs,ATL_WBs_006,6811,1401,6.9,91,276,18,106,3,30.5,34.0,56,41,60
WBs,ATL_WBs_007,4735,934,4.7,15,195,10,133,3,32.5,35.5,23,28,35
WBs,ATL_WBs_008,3005,468,1.9,17,123,7,116,2,30.0,32.3,25,16,26
WBs,ATL_WBs_009,9822,2002,10.0,107,436,31,106,14,33.1,35.8,70,60,89
WBs,ATL_WBs_010,7290,1364,6.8,64,263,23,128,6,27.6,29.4,45,54,61
WBs,ATL_WBs_011,12417,2372,12.0,83,377,22,129,2,33.8,37.2,69,71,96
WBs,ATL_WBs_012,6766,1488,7.6,47,392,19,102,1,31.6,32.9,72,45,66
WBs,ATL_WBs_013,8604,1773,9.1,82,416,20,110,4,30.2,33.0,60,60,80
WBs,ATL_WBs_014,2615,421,2.0,9,134,6,112,1,30.6,34.1,23,15,24
WBs,ATL_WBs_015,10039,1978,9.9,84,545,23,114,6,32.9,35.4,48,65,88
WBs,ATL_WBs_016,3714,671,3.4,32,161,6,103,1,31.9,35.3,22,28,35
WBs,ATL_WBs_017,10831,2096,10.5,86,434,24,123,12,30.6,33.0,71,52,88
WBs,ATL_WBs_018,7502,1421,7.1,41,241,17,99,6,30.1,31.8,57,47,74
WBs,ATL_WBs_019,5550,1049,5.6,60,236,12,114,4,30.6,33.7,35,31,49
WBs,ATL_WBs_020,9939,2058,11.2,108,683,17,106,1,31.3,34.7,66,66,93
WBs,ATL_WBs_021,2895,607,3.2,33,165,6,99,1,30.3,33.2,18,18,29
WBs,ATL_WBs_022,9718,1841,9.2,70,361,16,129,3,32.2,35.4,39,56,75
WBs,ATL_WBs_023,4344,981,4.6,33,281,15,93,0,29.7,33.0,44,49,48
WBs,ATL_WBs_024,3772,984,4.6,39,169,8,112,2,29.7,32.1,21,22,34
WBs,ATL_WBs_025,7948,1568,8.1,62,313,17,125,3,33.8,36.5,57,45,66
WBs,ATL_WBs_026,10862,1984,10.5,111,347,19,112,5,29.8,31.6,54,57,93
WBs,ATL_WBs_027,10014,1911,9.1,68,349,28,118,7,31.7,34.2,92,66,87
WBs,ATL_WBs_028,5967,1122,5.3,80,428,18,98,1,28.6,31.7,59,49,62
WBs,ATL_WBs_029,10246,1990,9.9,89,430,18,115,2,31.4,34.6,60,63,90
WBs,ATL_WBs_030,7684,1505,7.5,29,308,16,121,2,30.9,34.3,39,46,63
WBs,ATL_WBs_031,6857,1349,6.4,55,375,17,108,5,29.7,31.3,56,39,62
WBs,ATL_WBs_032,8036,1480,7.7,41,188,22,119,5,31.5,34.9,58,54,70
WBs,ATL_WBs_033,6527,1225,5.8,68,272,17,91,1,28.1,30.3,61,58,71
WBs,ATL_WBs_034,10486,2179,10.9,139,518,22,113,6,29.6,32.4,65,75,94
WBs,ATL_WBs_035,7839,1497,6.9,13,335,20,116,5,30.7,31.9,60,35,65
WBs,ATL_WBs_036,7667,1416,7.3,45,234,18,116,3,30.2,31.8,61,52,66
WBs,ATL_WBs_037,7884,1619,8.3,52,369,13,102,2,31.5,33.8,45,51,77
WBs,ATL_WBs_038,8154,1607,7.6,52,295,18,105,5,31.7,34.3,58,62,77
WBs,ATL_WBs_039,7642,1618,8.2,76,261,13,128,4,30.2,33.6,31,41,61
WBs,ATL_WBs_040,7251,1431,7.2,46,322,15,120,0,30.2,33.3,47,48,61
WBs,ATL_WBs_041,8427,1498,7.7,57,444,23,111,8,33.8,35.5,51,54,74
WBs,ATL_WBs_042,7160,1464,6.9,54,178,24,113,6,30.1,33.4,46,57,61
WBs,ATL_WBs_043,1873,404,2.4,1,78,2,121,0,29.5,31.3,11,8,15
WBs,ATL_WBs_044,9293,1963,10.0,53,338,29,110,8,33.2,35.4,90,59,90
WBs,ATL_WBs_045,7578,1456,7.3,81,245,12,101,5,32.2,35.5,39,24,74
WBs,ATL_WBs_046,10478,2194,11.3,77,393,17,116,4,28.9,31.5,45,63,88
WBs,ATL_WBs_047,10588,2016,10.2,21,571,26,119,5,30.1,31.5,70,68,87
WBs,ATL_WBs_048,1758,403,2.5,13,94,4,111,0,31.2,33.3,13,11,16
WBs,ATL_WBs_049,7829,1404,7.1,10,300,22,120,4,30.3,32.2,67,42,64
WBs,ATL_WBs_050,7606,1256,6.7,64,274,19,121,5,33.8,36.8,41,43,64
WBs,ATL_WBs_051,8824,1827,9.1,95,405,22,113,5,32.3,34.1,62,42,81
WBs,ATL_WBs_052,8962,1691,8.5,57,519,34,97,11,27.7,30.1,84,76,88
WBs,ATL_WBs_053,9104,1723,8.7,58,388,23,110,4,28.1,30.2,60,71,80
WBs,ATL_WBs_054,8566,1646,8.8,82,418,29,97,4,30.6,32.6,60,87,86
WBs,ATL_WBs_055,10230,1989,9.8,100,424,19,112,2,30.1,32.0,65,67,93
WBs,ATL_WBs_056,7240,1495,7.2,65,442,21,99,9,29.6,32.5,54,64,73
WBs,ATL_WBs_057,7335,1406,6.9,76,298,20,92,1,28.5,30.5,51,59,78
WBs,ATL_WBs_058,7334,1480,7.1,28,302,22,121,9,31.5,33.3,47,32,61
WBs,ATL_WBs_059,4104,610,2.6,30,159,12,114,5,33.9,37.3,35,22,36
WBs,ATL_WBs_060,7979,1488,7.3,169,506,27,84,0,31.0,33.8,70,90,94
,ATL_NaN_001,9103,1715,8.4,12,311,28,115,2,29.6,31.8,83,61,79
,ATL_NaN_002,4356,865,4.0,32,124,7,81,0,29.6,32.1,36,19,56
,ATL_NaN_003,7691,1255,6.2,19,194,16,114,1,28.3,30.0,40,70,73
,ATL_NaN_004,7323,1262,6.4,35,189,21,83,7,27.9,30.6,53,34,82
,ATL_NaN_005,4302,748,3.9,0,301,12,74,0,27.5,29.8,50,37,59
,ATL_NaN_006,7624,1495,7.4,24,235,12,113,3,27.4,29.6,44,13,69
,ATL_NaN_007,8184,1586,8.1,13,195,18,95,4,29.5,31.0,66,41,88
,ATL_NaN_008,9836,1763,9.0,29,282,35,103,10,32.5,34.5,77,88,96
,ATL_NaN_009,670,84,0.4,4,14,1,68,0,26.2,27.8,7,5,10
,ATL_NaN_010,7636,1560,7.2,39,371,28,109,7,30.9,32.4,70,49,74
,ATL_NaN_011,5097,1069,5.0,26,262,14,122,2,30.0,32.2,31,41,42
,ATL_NaN_012,9831,1942,9.5,65,164,16,103,3,27.3,30.6,57,37,92
,ATL_NaN_013,7548,1535,7.6,46,255,21,104,0,31.1,34.4,51,71,73
,ATL_NaN_014,7656,1537,7.9,9,299,16,92,4,26.3,28.2,59,43,81
,ATL_NaN_015,10318,1945,9.7,44,404,27,124,7,27.5,30.2,71,61,83
,ATL_NaN_016,8749,1702,8.6,63,272,23,112,5,27.5,29.4,73,47,79
,ATL_NaN_017,6637,1337,6.8,102,331,17,75,2,29.5,30.8,39,45,83
,ATL_NaN_018,9126,1640,8.3,70,178,16,94,1,29.7,33.0,55,73,94
,ATL_NaN_019,8327,1626,8.1,38,125,12,125,1,27.5,29.0,29,39,67
,ATL_NaN_020,6092,1250,6.1,71,103,12,102,4,29.8,32.2,35,28,58
,ATL_NaN_021,6978,1430,6.9,71,231,14,91,6,28.5,31.0,49,30,76
,ATL_NaN_022,1103,291,1.4,0,6,2,101,0,29.5,31.5,9,4,11
,ATL_NaN_023,6029,1240,6.2,20,202,17,86,3,26.8,29.4,37,65,69
,ATL_NaN_024,7089,1332,6.3,71,216,15,92,3,23.8,25.9,55,46,80
,ATL_NaN_025,7319,1329,6.6,60,188,10,129,0,27.9,30.4,34,42,55
,ATL_NaN_026,6308,1232,6.5,61,281,20,86,6,26.3,28.1,58,42,73
,ATL_NaN_027,5121,942,5.5,32,241,12,89,0,30.2,33.3,46,53,57
,ATL_NaN_028,7801,1538,8.0,23,389,14,101,2,28.9,32.3,57,51,74
,ATL_NaN_029,8465,1705,8.6,26,321,18,94,4,28.8,32.3,47,66,89
,ATL_NaN_030,8301,1563,7.5,34,421,24,96,6,28.7,31.7,83,63,84
,ATL_NaN_031,1425,189,1.6,2,64,5,82,1,30.9,33.7,19,9,18
,ATL_NaN_032,8654,1618,8.0,61,219,27,94,7,28.2,30.6,76,52,92
,ATL_NaN_033,6193,1102,6.3,31,183,13,105,0,28.9,32.3,53,46,59
,ATL_NaN_034,5115,945,4.0,74,25,17,77,0,31.0,34.1,60,51,65
,ATL_NaN_035,5646,1160,5.6,62,286,17,97,5,29.3,31.7,40,25,60
,ATL_NaN_036,7704,1518,7.2,80,71,15,92,2,26.0,28.9,47,43,80
,ATL_NaN_037,3557,668,3.0,39,127,10,97,1,29.6,31.7,27,28,37
,ATL_NaN_038,6489,1204,5.2,10,272,11,117,0,28.1,30.9,44,22,55
,ATL_NaN_039,6907,1289,5.8,44,238,15,94,2,28.9,31.6,37,36,70
,ATL_NaN_040,7029,1216,6.3,6,150,18,97,3,27.8,29.4,52,56,71
